﻿<?xml version="1.0" encoding="UTF-8"?>
<root>
  <mode id="200" version="0.0" load_res_md5="" game_version="0" best_experience="0" basic_version="0.0" uninstall="0" custom_auto_download="1" unload_size="" />
  <mode id="270" version="0.0" load_res_md5="" game_version="0" best_experience="0" basic_version="0.0" uninstall="0" custom_auto_download="1" unload_size="" />
  <mode id="280" version="0.0" load_res_md5="" game_version="0" best_experience="0" basic_version="0.0" uninstall="0" custom_auto_download="1" unload_size="" />
  <mode id="320" version="0.0" load_res_md5="" game_version="0" best_experience="0" basic_version="0.0" uninstall="0" custom_auto_download="1" unload_size="" />
  <mode id="380" version="0.0" load_res_md5="" game_version="0" best_experience="0" basic_version="0.0" uninstall="0" custom_auto_download="1" unload_size="" />
  <mode id="340" version="0.0" load_res_md5="" game_version="0" best_experience="0" basic_version="0.0" uninstall="0" custom_auto_download="0" unload_size="" />
  <mode id="360" version="0.0" load_res_md5="" game_version="0" best_experience="0" basic_version="0.0" uninstall="0" custom_auto_download="1" unload_size="" />
  <mode id="390" version="0.0" load_res_md5="" game_version="0" best_experience="0" basic_version="0.0" uninstall="0" custom_auto_download="1" unload_size="" />
  <mode id="230" version="0.0" load_res_md5="" game_version="0" best_experience="0" basic_version="0.0" uninstall="0" custom_auto_download="1" unload_size="" />
  <mode id="220" version="0.0" load_res_md5="" game_version="0" best_experience="0" basic_version="0.0" uninstall="0" custom_auto_download="1" unload_size="" />
  <mode id="260" version="0.0" load_res_md5="" game_version="0" best_experience="0" basic_version="0.0" uninstall="0" custom_auto_download="1" unload_size="" />
  <depend name="MonsterRes" version="0.0" load_res_md5="" />
  <depend name="ChessPlayerRes" version="0.0" load_res_md5="" />
</root>