<?xml version="1.0" encoding="utf-8"?>
	<root>
		<item name="UnityData/Managed/Metadata/global-metadata.dat" md5="e84f276ecb4fd16ea2e3a7727dcdcab7"/>
		<item name="comlibs/arm64-v8a/liblogic.bytes" md5="d053164bb7f97043dca864b71309b3b2"/>
		<item name="comlibs/armeabi-v7a/liblogic.bytes" md5="654e32d1f28e76b79d891d719fd4e6b6"/>
		<item name="android/lua/logic.unity3d" md5="93d9325681405b609ec4231df91f884c"/>
		<item name="Art/android/ArtResource.unity3d" md5="631a6dd55c6f3512b5c65c521e5e7bd2"/>
		<item name="Document/android/Document.unity3d" md5="9ba66b2ba6f3e45c5f9afe38b9ccf597"/>
		<item name="comlibs/x86/liblogic.bytes" md5="66130e1f1494fbf407745a52a60295a8"/>
		<item name="EXCLUDE_GlobalMeta/global-metadata.armv7.dat" md5="e84f276ecb4fd16ea2e3a7727dcdcab7"/>
		<item name="EXCLUDE_GlobalMeta/global-metadata.arm64.dat" md5="e84f276ecb4fd16ea2e3a7727dcdcab7"/>
		<item name="EXCLUDE_GlobalMeta/global-metadata.x86.dat" md5="e84f276ecb4fd16ea2e3a7727dcdcab7"/>
	</root>
