<?xml version="1.0" encoding="UTF-8"?>
	<root>
	<mode name="ArenaMode" modeid="380" realversion="253.1" prev_version="251.1"/>
	<mode name="ChessPlayerRes" modeid="0" realversion="331.1" prev_version="329.1"/>
	<mode name="CloneImbaMode" modeid="360" realversion="271.1" prev_version="269.1"/>
	<mode name="CloneImbaOneRoadMode" modeid="390" realversion="251.1" prev_version="249.1"/>
	<mode name="CloneMode" modeid="220" realversion="255.1" prev_version="253.1"/>
	<mode name="CommonRes" modeid="0" realversion="225.1" prev_version="223.1"/>
	<mode name="CustomRoomMode" modeid="999" realversion="119.1" prev_version="117.1"/>
	<mode name="DayBreakMode" modeid="400" realversion="235.1" prev_version="233.1"/>
	<mode name="DeathRacingMode" modeid="230" realversion="255.1" prev_version="253.1"/>
	<mode name="DefenceMode" modeid="320" realversion="259.1" prev_version="257.1"/>
	<mode name="DisOrderMode" modeid="130" realversion="159.1" prev_version="157.1"/>
	<mode name="EvolutionMode" modeid="270" realversion="253.1" prev_version="251.1"/>
	<mode name="HotHeroMode" modeid="420" realversion="185.1" prev_version="183.1"/>
	<mode name="ImbaMode" modeid="260" realversion="271.1" prev_version="269.1"/>
	<mode name="Imbaskill1_Mode" modeid="1006" realversion="119.1" prev_version="117.1"/>
	<mode name="MagicChess" modeid="340" realversion="341.1" prev_version="339.1"/>
	<mode name="Mapmode1_Win1_Mode" modeid="1000" realversion="119.1" prev_version="117.1"/>
	<mode name="Mapmode2_Win1_Mode" modeid="1001" realversion="119.1" prev_version="117.1"/>
	<mode name="Mapmode3_Win1_Mode" modeid="1002" realversion="119.1" prev_version="117.1"/>
	<mode name="Mapmode4_Win1_Mode" modeid="1003" realversion="119.1" prev_version="117.1"/>
	<mode name="Mapmode5_Win1_Mode" modeid="1004" realversion="119.1" prev_version="117.1"/>
	<mode name="Mapmode6_Win1_Mode" modeid="1005" realversion="119.1" prev_version="117.1"/>
	<mode name="MonsterRes" modeid="0" realversion="251.1" prev_version="249.1"/>
	<mode name="OverDriveHeroMode" modeid="440" realversion="125.1" prev_version="123.1"/>
	<mode name="PartyMode" modeid="410" realversion="189.1" prev_version="187.1"/>
	<mode name="ResHotFix" modeid="0" realversion="213.1" prev_version="211.1"/>
	<mode name="RogueMobaMode" modeid="430" realversion="89.1" prev_version="87.1"/>
	<mode name="ScrambleMode" modeid="280" realversion="263.1" prev_version="261.1"/>
	<mode name="SurvivalMode" modeid="200" realversion="191.1" prev_version="189.1"/>
	<mode name="ThemeParkMode" modeid="500" realversion="161.1" prev_version="159.1"/>
	</root>
