{  "isrefresh":"1",  "faqlist":[{"faqs":[{"lastUpdateTime":"1586331452420","lastUpdateDate":"2020-04-08 07:37:32","imgUrl":"https://cdnimage.aihelp.net/FileService/SysFile/20200408073722902BC63E772DC.jpg","kmContentId":"2238","kmMainid":"1325","pf_app_id":"165","question":"Stay Health Against the Disease","info":null,"content":"\r\n\r\n<!DOCTYPE html>\r\n<html lang='en'>\r\n<head>\r\n    <meta charset=utf-8>\r\n    <meta name='referrer' content='no-referrer-when-downgrade'>\r\n    <meta name='viewport' content='width=device-width, initial-scale=1.0, maximum-scale=1.0, user-scalable=0' />\r\n    <title></title>\r\n    <style>\r\n        body {\r\n            font-family: 'Helvetica Neue',Helvetica,Arial,sans-serif;\r\n            font-size: 14px;\r\n            line-height: 1.42857143;\r\n            color: #333;\r\n        }\r\n    </style>\r\n</head>\r\n<body>\r\n    <div style='padding-left: 10px;'>\r\n        <h4 style='font-size: 18px;font-weight: 600;margin-top: 10px;margin-bottom: 10px;line-height:20px;'> Stay Health Against the Disease  </h4>\r\n\r\n        <div style='font-size:14px;color:#CCCCCC;'>\r\n            2020-04-08 07:37:32\r\n        </div>\r\n            <p style='margin-top:0;'><p style='margin-top: 0px; margin-bottom: 6px; font-family: Helvetica, Arial, sans-serif; color: rgb(28, 30, 33); font-size: 15px; white-space: normal; background-color: rgb(255, 255, 255);'><span class='_5mfr' style='margin: 0px 1px; font-family: inherit;'><span class='_6qdm' style='background-repeat: no-repeat; background-size: contain; color: transparent; display: inline-block; text-shadow: none; vertical-align: text-bottom; font-family: inherit; height: 16px; width: 16px; font-size: 16px; background-image: url('https://static.xx.fbcdn.net/images/emoji.php/v9/fea/1/16/1f469_200d_1f52c.png');'>?‍?</span></span>COVID-19 has greatly affected our lives. <span class='_5mfr' style='margin: 0px 1px; font-family: inherit;'><span class='_6qdm' style='background-repeat: no-repeat; background-size: contain; color: transparent; display: inline-block; text-shadow: none; vertical-align: text-bottom; font-family: inherit; height: 16px; width: 16px; font-size: 16px; background-image: url('https://static.xx.fbcdn.net/images/emoji.php/v9/f6c/1/16/1f4aa.png');'>?</span></span>At the crucial moment of fighting the pandemic, warriors, let's stay healthy and sanitary to protect our loved ones from the virus! <span class='_5mfr' style='margin: 0px 1px; font-family: inherit;'><span class='_6qdm' style='background-repeat: no-repeat; background-size: contain; color: transparent; display: inline-block; text-shadow: none; vertical-align: text-bottom; font-family: inherit; height: 16px; width: 16px; font-size: 16px; background-image: url('https://static.xx.fbcdn.net/images/emoji.php/v9/f6c/1/16/2764.png');'>❤️</span></span></p><p style='margin-top: 6px; margin-bottom: 6px; font-family: Helvetica, Arial, sans-serif; color: rgb(28, 30, 33); font-size: 15px; white-space: normal; background-color: rgb(255, 255, 255);'><span class='_5mfr' style='margin: 0px 1px; font-family: inherit;'><span class='_6qdm' style='background-repeat: no-repeat; background-size: contain; color: transparent; display: inline-block; text-shadow: none; vertical-align: text-bottom; font-family: inherit; height: 16px; width: 16px; font-size: 16px; background-image: url('https://static.xx.fbcdn.net/images/emoji.php/v9/f87/1/16/1f340.png');'>?</span></span>As the new season begins, by staying at home and playing MLBB with your friends, we can rank up and achieve stars and happiness together online!<span class='_5mfr' style='margin: 0px 1px; font-family: inherit;'><span class='_6qdm' style='background-repeat: no-repeat; background-size: contain; color: transparent; display: inline-block; text-shadow: none; vertical-align: text-bottom; font-family: inherit; height: 16px; width: 16px; font-size: 16px; background-image: url('https://static.xx.fbcdn.net/images/emoji.php/v9/f79/1/16/1f44a.png');'>?</span></span></p><p style='word-wrap:break-word'><img src='https://scontent-hkt1-1.xx.fbcdn.net/v/t1.0-0/p640x640/89948380_3256256767770407_8054279787104960512_o.jpg?_nc_cat=103&amp;_nc_sid=8024bb&amp;_nc_ohc=_kxOWxR926UAX-lm2Lb&amp;_nc_ht=scontent-hkt1-1.xx&amp;_nc_tp=6&amp;oh=8d10e98f0435487064ee0e510c91e5f4&amp;oe=5EB18A53' _src='https://scontent-hkt1-1.xx.fbcdn.net/v/t1.0-0/p640x640/89948380_3256256767770407_8054279787104960512_o.jpg?_nc_cat=103&amp;_nc_sid=8024bb&amp;_nc_ohc=_kxOWxR926UAX-lm2Lb&amp;_nc_ht=scontent-hkt1-1.xx&amp;_nc_tp=6&amp;oh=8d10e98f0435487064ee0e510c91e5f4&amp;oe=5EB18A53' style='max-width:100%;'>​</p></p>\r\n    </div>\r\n</body>\r\n</html>\r\n\r\n","sectionIdA":null,"sectionIdB":null,"sectionNameB":null,"sectionNameA":null,"sectionOrderNoA":null,"sectionOrderNoB":null,"isValid":"1","SectionId":0},{"lastUpdateTime":"1559032193620","lastUpdateDate":"2019-05-28 08:29:53","imgUrl":null,"kmContentId":"1772","kmMainid":"1015","pf_app_id":"165","question":"How to send your feedback to us","info":null,"content":"\r\n\r\n<!DOCTYPE html>\r\n<html lang='en'>\r\n<head>\r\n    <meta charset=utf-8>\r\n    <meta name='referrer' content='no-referrer-when-downgrade'>\r\n    <meta name='viewport' content='width=device-width, initial-scale=1.0, maximum-scale=1.0, user-scalable=0' />\r\n    <title></title>\r\n    <style>\r\n        body {\r\n            font-family: 'Helvetica Neue',Helvetica,Arial,sans-serif;\r\n            font-size: 14px;\r\n            line-height: 1.42857143;\r\n            color: #333;\r\n        }\r\n    </style>\r\n</head>\r\n<body>\r\n    <div style='padding-left: 10px;'>\r\n        <h4 style='font-size: 18px;font-weight: 600;margin-top: 10px;margin-bottom: 10px;line-height:20px;'> How to send your feedback to us  </h4>\r\n\r\n        <div style='font-size:14px;color:#CCCCCC;'>\r\n            2019-05-28 08:29:53\r\n        </div>\r\n            <p style='margin-top:0;'><p style='word-wrap:break-word'>Dear Player:\r</p><p style='word-wrap:break-word'>If you have any problems in the game, you can click the 'HELP' Tab above the customer service interface.\r</p><p style='word-wrap:break-word'>Fill in the appropriate question form in the robot and submit it to us, thank you!</p><p style='word-wrap:break-word'><br></p></p>\r\n    </div>\r\n</body>\r\n</html>\r\n\r\n","sectionIdA":null,"sectionIdB":null,"sectionNameB":null,"sectionNameA":null,"sectionOrderNoA":null,"sectionOrderNoB":null,"isValid":"1","SectionId":0}],"sectionId":"191","sectionName":"Notice","pf_app_id":"165","orderNo":"99","isValid":"1","secImgUrl":null}]}
